Date,Month,MonthSortID,MonthID,Quarter,QuarterSortID,QuarterID,Year,YearID
11/15/2023,November,11,202311,Q4,4,20234,2023,1
11/16/2023,November,11,202311,Q4,4,20234,2023,1
11/17/2023,November,11,202311,Q4,4,20234,2023,1
11/18/2023,November,11,202311,Q4,4,20234,2023,1
11/19/2023,November,11,202311,Q4,4,20234,2023,1
11/20/2023,November,11,202311,Q4,4,20234,2023,1
11/21/2023,November,11,202311,Q4,4,20234,2023,1
11/22/2023,November,11,202311,Q4,4,20234,2023,1
11/23/2023,November,11,202311,Q4,4,20234,2023,1
11/24/2023,November,11,202311,Q4,4,20234,2023,1
11/25/2023,November,11,202311,Q4,4,20234,2023,1
11/26/2023,November,11,202311,Q4,4,20234,2023,1
11/27/2023,November,11,202311,Q4,4,20234,2023,1
11/28/2023,November,11,202311,Q4,4,20234,2023,1
11/29/2023,November,11,202311,Q4,4,20234,2023,1
11/30/2023,November,11,202311,Q4,4,20234,2023,1
12/1/2023,December,12,202312,Q4,4,20234,2023,1
12/2/2023,December,12,202312,Q4,4,20234,2023,1
12/3/2023,December,12,202312,Q4,4,20234,2023,1
12/4/2023,December,12,202312,Q4,4,20234,2023,1
12/5/2023,December,12,202312,Q4,4,20234,2023,1
12/6/2023,December,12,202312,Q4,4,20234,2023,1
12/7/2023,December,12,202312,Q4,4,20234,2023,1
12/8/2023,December,12,202312,Q4,4,20234,2023,1
12/9/2023,December,12,202312,Q4,4,20234,2023,1
12/10/2023,December,12,202312,Q4,4,20234,2023,1
12/11/2023,December,12,202312,Q4,4,20234,2023,1
12/12/2023,December,12,202312,Q4,4,20234,2023,1
12/13/2023,December,12,202312,Q4,4,20234,2023,1
12/14/2023,December,12,202312,Q4,4,20234,2023,1
12/15/2023,December,12,202312,Q4,4,20234,2023,1
12/16/2023,December,12,202312,Q4,4,20234,2023,1
12/17/2023,December,12,202312,Q4,4,20234,2023,1
12/18/2023,December,12,202312,Q4,4,20234,2023,1
12/19/2023,December,12,202312,Q4,4,20234,2023,1
12/20/2023,December,12,202312,Q4,4,20234,2023,1
12/21/2023,December,12,202312,Q4,4,20234,2023,1
12/22/2023,December,12,202312,Q4,4,20234,2023,1
12/23/2023,December,12,202312,Q4,4,20234,2023,1
12/24/2023,December,12,202312,Q4,4,20234,2023,1
12/25/2023,December,12,202312,Q4,4,20234,2023,1
12/26/2023,December,12,202312,Q4,4,20234,2023,1
12/27/2023,December,12,202312,Q4,4,20234,2023,1
12/28/2023,December,12,202312,Q4,4,20234,2023,1
12/29/2023,December,12,202312,Q4,4,20234,2023,1
12/30/2023,December,12,202312,Q4,4,20234,2023,1
12/31/2023,December,12,202312,Q4,4,20234,2023,1
1/1/2024,January,1,202401,Q1,1,20241,2024,2
1/2/2024,January,1,202401,Q1,1,20241,2024,2
1/3/2024,January,1,202401,Q1,1,20241,2024,2
1/4/2024,January,1,202401,Q1,1,20241,2024,2
1/5/2024,January,1,202401,Q1,1,20241,2024,2
1/6/2024,January,1,202401,Q1,1,20241,2024,2
1/7/2024,January,1,202401,Q1,1,20241,2024,2
1/8/2024,January,1,202401,Q1,1,20241,2024,2
1/9/2024,January,1,202401,Q1,1,20241,2024,2
1/10/2024,January,1,202401,Q1,1,20241,2024,2
1/11/2024,January,1,202401,Q1,1,20241,2024,2
1/12/2024,January,1,202401,Q1,1,20241,2024,2
1/13/2024,January,1,202401,Q1,1,20241,2024,2
1/14/2024,January,1,202401,Q1,1,20241,2024,2
1/15/2024,January,1,202401,Q1,1,20241,2024,2
1/16/2024,January,1,202401,Q1,1,20241,2024,2
1/17/2024,January,1,202401,Q1,1,20241,2024,2
1/18/2024,January,1,202401,Q1,1,20241,2024,2
1/19/2024,January,1,202401,Q1,1,20241,2024,2
1/20/2024,January,1,202401,Q1,1,20241,2024,2
1/21/2024,January,1,202401,Q1,1,20241,2024,2
1/22/2024,January,1,202401,Q1,1,20241,2024,2
1/23/2024,January,1,202401,Q1,1,20241,2024,2
1/24/2024,January,1,202401,Q1,1,20241,2024,2
1/25/2024,January,1,202401,Q1,1,20241,2024,2
1/26/2024,January,1,202401,Q1,1,20241,2024,2
1/27/2024,January,1,202401,Q1,1,20241,2024,2
1/28/2024,January,1,202401,Q1,1,20241,2024,2
1/29/2024,January,1,202401,Q1,1,20241,2024,2
1/30/2024,January,1,202401,Q1,1,20241,2024,2
1/31/2024,January,1,202401,Q1,1,20241,2024,2
2/1/2024,February,2,202402,Q1,1,20241,2024,2
2/2/2024,February,2,202402,Q1,1,20241,2024,2
2/3/2024,February,2,202402,Q1,1,20241,2024,2
2/4/2024,February,2,202402,Q1,1,20241,2024,2
2/5/2024,February,2,202402,Q1,1,20241,2024,2
2/6/2024,February,2,202402,Q1,1,20241,2024,2
2/7/2024,February,2,202402,Q1,1,20241,2024,2
2/8/2024,February,2,202402,Q1,1,20241,2024,2
2/9/2024,February,2,202402,Q1,1,20241,2024,2
2/10/2024,February,2,202402,Q1,1,20241,2024,2
2/11/2024,February,2,202402,Q1,1,20241,2024,2
2/12/2024,February,2,202402,Q1,1,20241,2024,2
2/13/2024,February,2,202402,Q1,1,20241,2024,2
2/14/2024,February,2,202402,Q1,1,20241,2024,2
2/15/2024,February,2,202402,Q1,1,20241,2024,2
2/16/2024,February,2,202402,Q1,1,20241,2024,2
2/17/2024,February,2,202402,Q1,1,20241,2024,2
2/18/2024,February,2,202402,Q1,1,20241,2024,2
2/19/2024,February,2,202402,Q1,1,20241,2024,2
2/20/2024,February,2,202402,Q1,1,20241,2024,2
2/21/2024,February,2,202402,Q1,1,20241,2024,2
2/22/2024,February,2,202402,Q1,1,20241,2024,2
2/23/2024,February,2,202402,Q1,1,20241,2024,2
2/24/2024,February,2,202402,Q1,1,20241,2024,2
2/25/2024,February,2,202402,Q1,1,20241,2024,2
2/26/2024,February,2,202402,Q1,1,20241,2024,2
2/27/2024,February,2,202402,Q1,1,20241,2024,2
2/28/2024,February,2,202402,Q1,1,20241,2024,2
2/29/2024,February,2,202402,Q1,1,20241,2024,2
3/1/2024,March,3,202403,Q1,1,20241,2024,2
3/2/2024,March,3,202403,Q1,1,20241,2024,2
3/3/2024,March,3,202403,Q1,1,20241,2024,2
3/4/2024,March,3,202403,Q1,1,20241,2024,2
3/5/2024,March,3,202403,Q1,1,20241,2024,2
3/6/2024,March,3,202403,Q1,1,20241,2024,2
3/7/2024,March,3,202403,Q1,1,20241,2024,2
3/8/2024,March,3,202403,Q1,1,20241,2024,2
3/9/2024,March,3,202403,Q1,1,20241,2024,2
3/10/2024,March,3,202403,Q1,1,20241,2024,2
3/11/2024,March,3,202403,Q1,1,20241,2024,2
3/12/2024,March,3,202403,Q1,1,20241,2024,2
3/13/2024,March,3,202403,Q1,1,20241,2024,2
3/14/2024,March,3,202403,Q1,1,20241,2024,2
3/15/2024,March,3,202403,Q1,1,20241,2024,2
3/16/2024,March,3,202403,Q1,1,20241,2024,2
3/17/2024,March,3,202403,Q1,1,20241,2024,2
3/18/2024,March,3,202403,Q1,1,20241,2024,2
3/19/2024,March,3,202403,Q1,1,20241,2024,2
3/20/2024,March,3,202403,Q1,1,20241,2024,2
3/21/2024,March,3,202403,Q1,1,20241,2024,2
3/22/2024,March,3,202403,Q1,1,20241,2024,2
3/23/2024,March,3,202403,Q1,1,20241,2024,2
3/24/2024,March,3,202403,Q1,1,20241,2024,2
3/25/2024,March,3,202403,Q1,1,20241,2024,2
3/26/2024,March,3,202403,Q1,1,20241,2024,2
3/27/2024,March,3,202403,Q1,1,20241,2024,2
3/28/2024,March,3,202403,Q1,1,20241,2024,2
3/29/2024,March,3,202403,Q1,1,20241,2024,2
3/30/2024,March,3,202403,Q1,1,20241,2024,2
3/31/2024,March,3,202403,Q1,1,20241,2024,2
4/1/2024,April,4,202404,Q2,2,20242,2024,2
4/2/2024,April,4,202404,Q2,2,20242,2024,2
4/3/2024,April,4,202404,Q2,2,20242,2024,2
4/4/2024,April,4,202404,Q2,2,20242,2024,2
4/5/2024,April,4,202404,Q2,2,20242,2024,2
4/6/2024,April,4,202404,Q2,2,20242,2024,2
4/7/2024,April,4,202404,Q2,2,20242,2024,2
4/8/2024,April,4,202404,Q2,2,20242,2024,2
4/9/2024,April,4,202404,Q2,2,20242,2024,2
4/10/2024,April,4,202404,Q2,2,20242,2024,2
4/11/2024,April,4,202404,Q2,2,20242,2024,2
4/12/2024,April,4,202404,Q2,2,20242,2024,2
4/13/2024,April,4,202404,Q2,2,20242,2024,2
4/14/2024,April,4,202404,Q2,2,20242,2024,2
4/15/2024,April,4,202404,Q2,2,20242,2024,2
4/16/2024,April,4,202404,Q2,2,20242,2024,2
4/17/2024,April,4,202404,Q2,2,20242,2024,2
4/18/2024,April,4,202404,Q2,2,20242,2024,2
4/19/2024,April,4,202404,Q2,2,20242,2024,2
4/20/2024,April,4,202404,Q2,2,20242,2024,2
4/21/2024,April,4,202404,Q2,2,20242,2024,2
4/22/2024,April,4,202404,Q2,2,20242,2024,2
4/23/2024,April,4,202404,Q2,2,20242,2024,2
4/24/2024,April,4,202404,Q2,2,20242,2024,2
4/25/2024,April,4,202404,Q2,2,20242,2024,2
4/26/2024,April,4,202404,Q2,2,20242,2024,2
4/27/2024,April,4,202404,Q2,2,20242,2024,2
4/28/2024,April,4,202404,Q2,2,20242,2024,2
4/29/2024,April,4,202404,Q2,2,20242,2024,2
4/30/2024,April,4,202404,Q2,2,20242,2024,2
5/1/2024,May,5,202405,Q2,2,20242,2024,2
5/2/2024,May,5,202405,Q2,2,20242,2024,2
5/3/2024,May,5,202405,Q2,2,20242,2024,2
5/4/2024,May,5,202405,Q2,2,20242,2024,2
5/5/2024,May,5,202405,Q2,2,20242,2024,2
5/6/2024,May,5,202405,Q2,2,20242,2024,2
5/7/2024,May,5,202405,Q2,2,20242,2024,2
5/8/2024,May,5,202405,Q2,2,20242,2024,2
5/9/2024,May,5,202405,Q2,2,20242,2024,2
5/10/2024,May,5,202405,Q2,2,20242,2024,2
5/11/2024,May,5,202405,Q2,2,20242,2024,2
5/12/2024,May,5,202405,Q2,2,20242,2024,2
5/13/2024,May,5,202405,Q2,2,20242,2024,2
5/14/2024,May,5,202405,Q2,2,20242,2024,2
5/15/2024,May,5,202405,Q2,2,20242,2024,2
5/16/2024,May,5,202405,Q2,2,20242,2024,2
5/17/2024,May,5,202405,Q2,2,20242,2024,2
5/18/2024,May,5,202405,Q2,2,20242,2024,2
5/19/2024,May,5,202405,Q2,2,20242,2024,2
5/20/2024,May,5,202405,Q2,2,20242,2024,2
5/21/2024,May,5,202405,Q2,2,20242,2024,2
5/22/2024,May,5,202405,Q2,2,20242,2024,2
5/23/2024,May,5,202405,Q2,2,20242,2024,2
5/24/2024,May,5,202405,Q2,2,20242,2024,2
5/25/2024,May,5,202405,Q2,2,20242,2024,2
5/26/2024,May,5,202405,Q2,2,20242,2024,2
5/27/2024,May,5,202405,Q2,2,20242,2024,2
5/28/2024,May,5,202405,Q2,2,20242,2024,2
5/29/2024,May,5,202405,Q2,2,20242,2024,2
5/30/2024,May,5,202405,Q2,2,20242,2024,2
5/31/2024,May,5,202405,Q2,2,20242,2024,2
6/1/2024,June,6,202406,Q2,2,20242,2024,2
6/2/2024,June,6,202406,Q2,2,20242,2024,2
6/3/2024,June,6,202406,Q2,2,20242,2024,2
6/4/2024,June,6,202406,Q2,2,20242,2024,2
6/5/2024,June,6,202406,Q2,2,20242,2024,2
6/6/2024,June,6,202406,Q2,2,20242,2024,2
6/7/2024,June,6,202406,Q2,2,20242,2024,2
6/8/2024,June,6,202406,Q2,2,20242,2024,2
6/9/2024,June,6,202406,Q2,2,20242,2024,2
6/10/2024,June,6,202406,Q2,2,20242,2024,2
6/11/2024,June,6,202406,Q2,2,20242,2024,2
6/12/2024,June,6,202406,Q2,2,20242,2024,2
6/13/2024,June,6,202406,Q2,2,20242,2024,2
6/14/2024,June,6,202406,Q2,2,20242,2024,2
6/15/2024,June,6,202406,Q2,2,20242,2024,2
6/16/2024,June,6,202406,Q2,2,20242,2024,2
6/17/2024,June,6,202406,Q2,2,20242,2024,2
6/18/2024,June,6,202406,Q2,2,20242,2024,2
6/19/2024,June,6,202406,Q2,2,20242,2024,2
6/20/2024,June,6,202406,Q2,2,20242,2024,2
6/21/2024,June,6,202406,Q2,2,20242,2024,2
6/22/2024,June,6,202406,Q2,2,20242,2024,2
6/23/2024,June,6,202406,Q2,2,20242,2024,2
6/24/2024,June,6,202406,Q2,2,20242,2024,2
6/25/2024,June,6,202406,Q2,2,20242,2024,2
6/26/2024,June,6,202406,Q2,2,20242,2024,2
6/27/2024,June,6,202406,Q2,2,20242,2024,2
6/28/2024,June,6,202406,Q2,2,20242,2024,2
6/29/2024,June,6,202406,Q2,2,20242,2024,2
6/30/2024,June,6,202406,Q2,2,20242,2024,2
7/1/2024,July,7,202407,Q3,3,20243,2024,2
7/2/2024,July,7,202407,Q3,3,20243,2024,2
7/3/2024,July,7,202407,Q3,3,20243,2024,2
7/4/2024,July,7,202407,Q3,3,20243,2024,2
7/5/2024,July,7,202407,Q3,3,20243,2024,2
7/6/2024,July,7,202407,Q3,3,20243,2024,2
7/7/2024,July,7,202407,Q3,3,20243,2024,2
7/8/2024,July,7,202407,Q3,3,20243,2024,2
7/9/2024,July,7,202407,Q3,3,20243,2024,2
7/10/2024,July,7,202407,Q3,3,20243,2024,2
7/11/2024,July,7,202407,Q3,3,20243,2024,2
7/12/2024,July,7,202407,Q3,3,20243,2024,2
7/13/2024,July,7,202407,Q3,3,20243,2024,2
7/14/2024,July,7,202407,Q3,3,20243,2024,2
7/15/2024,July,7,202407,Q3,3,20243,2024,2
7/16/2024,July,7,202407,Q3,3,20243,2024,2
7/17/2024,July,7,202407,Q3,3,20243,2024,2
7/18/2024,July,7,202407,Q3,3,20243,2024,2
7/19/2024,July,7,202407,Q3,3,20243,2024,2
7/20/2024,July,7,202407,Q3,3,20243,2024,2
7/21/2024,July,7,202407,Q3,3,20243,2024,2
7/22/2024,July,7,202407,Q3,3,20243,2024,2
7/23/2024,July,7,202407,Q3,3,20243,2024,2
7/24/2024,July,7,202407,Q3,3,20243,2024,2
7/25/2024,July,7,202407,Q3,3,20243,2024,2
7/26/2024,July,7,202407,Q3,3,20243,2024,2
7/27/2024,July,7,202407,Q3,3,20243,2024,2
7/28/2024,July,7,202407,Q3,3,20243,2024,2
7/29/2024,July,7,202407,Q3,3,20243,2024,2
7/30/2024,July,7,202407,Q3,3,20243,2024,2
7/31/2024,July,7,202407,Q3,3,20243,2024,2
8/1/2024,August,8,202408,Q3,3,20243,2024,2
8/2/2024,August,8,202408,Q3,3,20243,2024,2
8/3/2024,August,8,202408,Q3,3,20243,2024,2
8/4/2024,August,8,202408,Q3,3,20243,2024,2
8/5/2024,August,8,202408,Q3,3,20243,2024,2
8/6/2024,August,8,202408,Q3,3,20243,2024,2
8/7/2024,August,8,202408,Q3,3,20243,2024,2
8/8/2024,August,8,202408,Q3,3,20243,2024,2
8/9/2024,August,8,202408,Q3,3,20243,2024,2
8/10/2024,August,8,202408,Q3,3,20243,2024,2
8/11/2024,August,8,202408,Q3,3,20243,2024,2
8/12/2024,August,8,202408,Q3,3,20243,2024,2
8/13/2024,August,8,202408,Q3,3,20243,2024,2
8/14/2024,August,8,202408,Q3,3,20243,2024,2
8/15/2024,August,8,202408,Q3,3,20243,2024,2
8/16/2024,August,8,202408,Q3,3,20243,2024,2
8/17/2024,August,8,202408,Q3,3,20243,2024,2
8/18/2024,August,8,202408,Q3,3,20243,2024,2
8/19/2024,August,8,202408,Q3,3,20243,2024,2
8/20/2024,August,8,202408,Q3,3,20243,2024,2
8/21/2024,August,8,202408,Q3,3,20243,2024,2
8/22/2024,August,8,202408,Q3,3,20243,2024,2
8/23/2024,August,8,202408,Q3,3,20243,2024,2
8/24/2024,August,8,202408,Q3,3,20243,2024,2
8/25/2024,August,8,202408,Q3,3,20243,2024,2
8/26/2024,August,8,202408,Q3,3,20243,2024,2
8/27/2024,August,8,202408,Q3,3,20243,2024,2
8/28/2024,August,8,202408,Q3,3,20243,2024,2
8/29/2024,August,8,202408,Q3,3,20243,2024,2
8/30/2024,August,8,202408,Q3,3,20243,2024,2
8/31/2024,August,8,202408,Q3,3,20243,2024,2
9/1/2024,September,9,202409,Q3,3,20243,2024,2
9/2/2024,September,9,202409,Q3,3,20243,2024,2
9/3/2024,September,9,202409,Q3,3,20243,2024,2
9/4/2024,September,9,202409,Q3,3,20243,2024,2
9/5/2024,September,9,202409,Q3,3,20243,2024,2
9/6/2024,September,9,202409,Q3,3,20243,2024,2
9/7/2024,September,9,202409,Q3,3,20243,2024,2
9/8/2024,September,9,202409,Q3,3,20243,2024,2
9/9/2024,September,9,202409,Q3,3,20243,2024,2
9/10/2024,September,9,202409,Q3,3,20243,2024,2
9/11/2024,September,9,202409,Q3,3,20243,2024,2
9/12/2024,September,9,202409,Q3,3,20243,2024,2
9/13/2024,September,9,202409,Q3,3,20243,2024,2
9/14/2024,September,9,202409,Q3,3,20243,2024,2
9/15/2024,September,9,202409,Q3,3,20243,2024,2
9/16/2024,September,9,202409,Q3,3,20243,2024,2
9/17/2024,September,9,202409,Q3,3,20243,2024,2
9/18/2024,September,9,202409,Q3,3,20243,2024,2
9/19/2024,September,9,202409,Q3,3,20243,2024,2
9/20/2024,September,9,202409,Q3,3,20243,2024,2
9/21/2024,September,9,202409,Q3,3,20243,2024,2
9/22/2024,September,9,202409,Q3,3,20243,2024,2
9/23/2024,September,9,202409,Q3,3,20243,2024,2
9/24/2024,September,9,202409,Q3,3,20243,2024,2
9/25/2024,September,9,202409,Q3,3,20243,2024,2
9/26/2024,September,9,202409,Q3,3,20243,2024,2
9/27/2024,September,9,202409,Q3,3,20243,2024,2
9/28/2024,September,9,202409,Q3,3,20243,2024,2
9/29/2024,September,9,202409,Q3,3,20243,2024,2
9/30/2024,September,9,202409,Q3,3,20243,2024,2
10/1/2024,October,10,202410,Q4,4,20244,2024,2
10/2/2024,October,10,202410,Q4,4,20244,2024,2
10/3/2024,October,10,202410,Q4,4,20244,2024,2
10/4/2024,October,10,202410,Q4,4,20244,2024,2
10/5/2024,October,10,202410,Q4,4,20244,2024,2
10/6/2024,October,10,202410,Q4,4,20244,2024,2
10/7/2024,October,10,202410,Q4,4,20244,2024,2
10/8/2024,October,10,202410,Q4,4,20244,2024,2
10/9/2024,October,10,202410,Q4,4,20244,2024,2
10/10/2024,October,10,202410,Q4,4,20244,2024,2
10/11/2024,October,10,202410,Q4,4,20244,2024,2
10/12/2024,October,10,202410,Q4,4,20244,2024,2
10/13/2024,October,10,202410,Q4,4,20244,2024,2
10/14/2024,October,10,202410,Q4,4,20244,2024,2
10/15/2024,October,10,202410,Q4,4,20244,2024,2
10/16/2024,October,10,202410,Q4,4,20244,2024,2
10/17/2024,October,10,202410,Q4,4,20244,2024,2
10/18/2024,October,10,202410,Q4,4,20244,2024,2
10/19/2024,October,10,202410,Q4,4,20244,2024,2
10/20/2024,October,10,202410,Q4,4,20244,2024,2
10/21/2024,October,10,202410,Q4,4,20244,2024,2
10/22/2024,October,10,202410,Q4,4,20244,2024,2
10/23/2024,October,10,202410,Q4,4,20244,2024,2
10/24/2024,October,10,202410,Q4,4,20244,2024,2
10/25/2024,October,10,202410,Q4,4,20244,2024,2
10/26/2024,October,10,202410,Q4,4,20244,2024,2
10/27/2024,October,10,202410,Q4,4,20244,2024,2
10/28/2024,October,10,202410,Q4,4,20244,2024,2
10/29/2024,October,10,202410,Q4,4,20244,2024,2
10/30/2024,October,10,202410,Q4,4,20244,2024,2
10/31/2024,October,10,202410,Q4,4,20244,2024,2
11/1/2024,November,11,202411,Q4,4,20244,2024,2
11/2/2024,November,11,202411,Q4,4,20244,2024,2
11/3/2024,November,11,202411,Q4,4,20244,2024,2
11/4/2024,November,11,202411,Q4,4,20244,2024,2
11/5/2024,November,11,202411,Q4,4,20244,2024,2
11/6/2024,November,11,202411,Q4,4,20244,2024,2
11/7/2024,November,11,202411,Q4,4,20244,2024,2
11/8/2024,November,11,202411,Q4,4,20244,2024,2
11/9/2024,November,11,202411,Q4,4,20244,2024,2
11/10/2024,November,11,202411,Q4,4,20244,2024,2
11/11/2024,November,11,202411,Q4,4,20244,2024,2
11/12/2024,November,11,202411,Q4,4,20244,2024,2
11/13/2024,November,11,202411,Q4,4,20244,2024,2
11/14/2024,November,11,202411,Q4,4,20244,2024,2
11/15/2024,November,11,202411,Q4,4,20244,2024,2
11/16/2024,November,11,202411,Q4,4,20244,2024,2
11/17/2024,November,11,202411,Q4,4,20244,2024,2
11/18/2024,November,11,202411,Q4,4,20244,2024,2
11/19/2024,November,11,202411,Q4,4,20244,2024,2
11/20/2024,November,11,202411,Q4,4,20244,2024,2
11/21/2024,November,11,202411,Q4,4,20244,2024,2
11/22/2024,November,11,202411,Q4,4,20244,2024,2
11/23/2024,November,11,202411,Q4,4,20244,2024,2
11/24/2024,November,11,202411,Q4,4,20244,2024,2
11/25/2024,November,11,202411,Q4,4,20244,2024,2
11/26/2024,November,11,202411,Q4,4,20244,2024,2
11/27/2024,November,11,202411,Q4,4,20244,2024,2
11/28/2024,November,11,202411,Q4,4,20244,2024,2
11/29/2024,November,11,202411,Q4,4,20244,2024,2
11/30/2024,November,11,202411,Q4,4,20244,2024,2
12/1/2024,December,12,202412,Q4,4,20244,2024,2
12/2/2024,December,12,202412,Q4,4,20244,2024,2
12/3/2024,December,12,202412,Q4,4,20244,2024,2
12/4/2024,December,12,202412,Q4,4,20244,2024,2
12/5/2024,December,12,202412,Q4,4,20244,2024,2
12/6/2024,December,12,202412,Q4,4,20244,2024,2
12/7/2024,December,12,202412,Q4,4,20244,2024,2
12/8/2024,December,12,202412,Q4,4,20244,2024,2
12/9/2024,December,12,202412,Q4,4,20244,2024,2
12/10/2024,December,12,202412,Q4,4,20244,2024,2
12/11/2024,December,12,202412,Q4,4,20244,2024,2
12/12/2024,December,12,202412,Q4,4,20244,2024,2
12/13/2024,December,12,202412,Q4,4,20244,2024,2
12/14/2024,December,12,202412,Q4,4,20244,2024,2
12/15/2024,December,12,202412,Q4,4,20244,2024,2
12/16/2024,December,12,202412,Q4,4,20244,2024,2
12/17/2024,December,12,202412,Q4,4,20244,2024,2
12/18/2024,December,12,202412,Q4,4,20244,2024,2
12/19/2024,December,12,202412,Q4,4,20244,2024,2
12/20/2024,December,12,202412,Q4,4,20244,2024,2
12/21/2024,December,12,202412,Q4,4,20244,2024,2
12/22/2024,December,12,202412,Q4,4,20244,2024,2
12/23/2024,December,12,202412,Q4,4,20244,2024,2
12/24/2024,December,12,202412,Q4,4,20244,2024,2
12/25/2024,December,12,202412,Q4,4,20244,2024,2
12/26/2024,December,12,202412,Q4,4,20244,2024,2
12/27/2024,December,12,202412,Q4,4,20244,2024,2
12/28/2024,December,12,202412,Q4,4,20244,2024,2
12/29/2024,December,12,202412,Q4,4,20244,2024,2
12/30/2024,December,12,202412,Q4,4,20244,2024,2
12/31/2024,December,12,202412,Q4,4,20244,2024,2
1/1/2025,January,1,202501,Q1,1,20251,2025,3
1/2/2025,January,1,202501,Q1,1,20251,2025,3
1/3/2025,January,1,202501,Q1,1,20251,2025,3
1/4/2025,January,1,202501,Q1,1,20251,2025,3
1/5/2025,January,1,202501,Q1,1,20251,2025,3
1/6/2025,January,1,202501,Q1,1,20251,2025,3
1/7/2025,January,1,202501,Q1,1,20251,2025,3
1/8/2025,January,1,202501,Q1,1,20251,2025,3
1/9/2025,January,1,202501,Q1,1,20251,2025,3
1/10/2025,January,1,202501,Q1,1,20251,2025,3
1/11/2025,January,1,202501,Q1,1,20251,2025,3
1/12/2025,January,1,202501,Q1,1,20251,2025,3
1/13/2025,January,1,202501,Q1,1,20251,2025,3
1/14/2025,January,1,202501,Q1,1,20251,2025,3
1/15/2025,January,1,202501,Q1,1,20251,2025,3
1/16/2025,January,1,202501,Q1,1,20251,2025,3
1/17/2025,January,1,202501,Q1,1,20251,2025,3
1/18/2025,January,1,202501,Q1,1,20251,2025,3
1/19/2025,January,1,202501,Q1,1,20251,2025,3
1/20/2025,January,1,202501,Q1,1,20251,2025,3
1/21/2025,January,1,202501,Q1,1,20251,2025,3
1/22/2025,January,1,202501,Q1,1,20251,2025,3
1/23/2025,January,1,202501,Q1,1,20251,2025,3
1/24/2025,January,1,202501,Q1,1,20251,2025,3
1/25/2025,January,1,202501,Q1,1,20251,2025,3
1/26/2025,January,1,202501,Q1,1,20251,2025,3
1/27/2025,January,1,202501,Q1,1,20251,2025,3
1/28/2025,January,1,202501,Q1,1,20251,2025,3
1/29/2025,January,1,202501,Q1,1,20251,2025,3
1/30/2025,January,1,202501,Q1,1,20251,2025,3
1/31/2025,January,1,202501,Q1,1,20251,2025,3
2/1/2025,February,2,202502,Q1,1,20251,2025,3
2/2/2025,February,2,202502,Q1,1,20251,2025,3
2/3/2025,February,2,202502,Q1,1,20251,2025,3
2/4/2025,February,2,202502,Q1,1,20251,2025,3
2/5/2025,February,2,202502,Q1,1,20251,2025,3
2/6/2025,February,2,202502,Q1,1,20251,2025,3
2/7/2025,February,2,202502,Q1,1,20251,2025,3
2/8/2025,February,2,202502,Q1,1,20251,2025,3
2/9/2025,February,2,202502,Q1,1,20251,2025,3
2/10/2025,February,2,202502,Q1,1,20251,2025,3
2/11/2025,February,2,202502,Q1,1,20251,2025,3
2/12/2025,February,2,202502,Q1,1,20251,2025,3
2/13/2025,February,2,202502,Q1,1,20251,2025,3
2/14/2025,February,2,202502,Q1,1,20251,2025,3
2/15/2025,February,2,202502,Q1,1,20251,2025,3
2/16/2025,February,2,202502,Q1,1,20251,2025,3
2/17/2025,February,2,202502,Q1,1,20251,2025,3
2/18/2025,February,2,202502,Q1,1,20251,2025,3
2/19/2025,February,2,202502,Q1,1,20251,2025,3
2/20/2025,February,2,202502,Q1,1,20251,2025,3
2/21/2025,February,2,202502,Q1,1,20251,2025,3
2/22/2025,February,2,202502,Q1,1,20251,2025,3
2/23/2025,February,2,202502,Q1,1,20251,2025,3
2/24/2025,February,2,202502,Q1,1,20251,2025,3
2/25/2025,February,2,202502,Q1,1,20251,2025,3
2/26/2025,February,2,202502,Q1,1,20251,2025,3
2/27/2025,February,2,202502,Q1,1,20251,2025,3
2/28/2025,February,2,202502,Q1,1,20251,2025,3
3/1/2025,March,3,202503,Q1,1,20251,2025,3
3/2/2025,March,3,202503,Q1,1,20251,2025,3
3/3/2025,March,3,202503,Q1,1,20251,2025,3
3/4/2025,March,3,202503,Q1,1,20251,2025,3
3/5/2025,March,3,202503,Q1,1,20251,2025,3
3/6/2025,March,3,202503,Q1,1,20251,2025,3
3/7/2025,March,3,202503,Q1,1,20251,2025,3
3/8/2025,March,3,202503,Q1,1,20251,2025,3
3/9/2025,March,3,202503,Q1,1,20251,2025,3
3/10/2025,March,3,202503,Q1,1,20251,2025,3
3/11/2025,March,3,202503,Q1,1,20251,2025,3
3/12/2025,March,3,202503,Q1,1,20251,2025,3
3/13/2025,March,3,202503,Q1,1,20251,2025,3
3/14/2025,March,3,202503,Q1,1,20251,2025,3
3/15/2025,March,3,202503,Q1,1,20251,2025,3
3/16/2025,March,3,202503,Q1,1,20251,2025,3
3/17/2025,March,3,202503,Q1,1,20251,2025,3
3/18/2025,March,3,202503,Q1,1,20251,2025,3
3/19/2025,March,3,202503,Q1,1,20251,2025,3
3/20/2025,March,3,202503,Q1,1,20251,2025,3
3/21/2025,March,3,202503,Q1,1,20251,2025,3
3/22/2025,March,3,202503,Q1,1,20251,2025,3
3/23/2025,March,3,202503,Q1,1,20251,2025,3
3/24/2025,March,3,202503,Q1,1,20251,2025,3
3/25/2025,March,3,202503,Q1,1,20251,2025,3
3/26/2025,March,3,202503,Q1,1,20251,2025,3
3/27/2025,March,3,202503,Q1,1,20251,2025,3
3/28/2025,March,3,202503,Q1,1,20251,2025,3
3/29/2025,March,3,202503,Q1,1,20251,2025,3
3/30/2025,March,3,202503,Q1,1,20251,2025,3
3/31/2025,March,3,202503,Q1,1,20251,2025,3
4/1/2025,April,4,202504,Q2,2,20252,2025,3
4/2/2025,April,4,202504,Q2,2,20252,2025,3
4/3/2025,April,4,202504,Q2,2,20252,2025,3
4/4/2025,April,4,202504,Q2,2,20252,2025,3
4/5/2025,April,4,202504,Q2,2,20252,2025,3
4/6/2025,April,4,202504,Q2,2,20252,2025,3
4/7/2025,April,4,202504,Q2,2,20252,2025,3
4/8/2025,April,4,202504,Q2,2,20252,2025,3
4/9/2025,April,4,202504,Q2,2,20252,2025,3
4/10/2025,April,4,202504,Q2,2,20252,2025,3
4/11/2025,April,4,202504,Q2,2,20252,2025,3
4/12/2025,April,4,202504,Q2,2,20252,2025,3
4/13/2025,April,4,202504,Q2,2,20252,2025,3
4/14/2025,April,4,202504,Q2,2,20252,2025,3
4/15/2025,April,4,202504,Q2,2,20252,2025,3
4/16/2025,April,4,202504,Q2,2,20252,2025,3
4/17/2025,April,4,202504,Q2,2,20252,2025,3
4/18/2025,April,4,202504,Q2,2,20252,2025,3
4/19/2025,April,4,202504,Q2,2,20252,2025,3
4/20/2025,April,4,202504,Q2,2,20252,2025,3
4/21/2025,April,4,202504,Q2,2,20252,2025,3
4/22/2025,April,4,202504,Q2,2,20252,2025,3
4/23/2025,April,4,202504,Q2,2,20252,2025,3
4/24/2025,April,4,202504,Q2,2,20252,2025,3
4/25/2025,April,4,202504,Q2,2,20252,2025,3
4/26/2025,April,4,202504,Q2,2,20252,2025,3
4/27/2025,April,4,202504,Q2,2,20252,2025,3
4/28/2025,April,4,202504,Q2,2,20252,2025,3
4/29/2025,April,4,202504,Q2,2,20252,2025,3
4/30/2025,April,4,202504,Q2,2,20252,2025,3
5/1/2025,May,5,202505,Q2,2,20252,2025,3
5/2/2025,May,5,202505,Q2,2,20252,2025,3
5/3/2025,May,5,202505,Q2,2,20252,2025,3
5/4/2025,May,5,202505,Q2,2,20252,2025,3
5/5/2025,May,5,202505,Q2,2,20252,2025,3
5/6/2025,May,5,202505,Q2,2,20252,2025,3
5/7/2025,May,5,202505,Q2,2,20252,2025,3
5/8/2025,May,5,202505,Q2,2,20252,2025,3
5/9/2025,May,5,202505,Q2,2,20252,2025,3
5/10/2025,May,5,202505,Q2,2,20252,2025,3
5/11/2025,May,5,202505,Q2,2,20252,2025,3
5/12/2025,May,5,202505,Q2,2,20252,2025,3
5/13/2025,May,5,202505,Q2,2,20252,2025,3
5/14/2025,May,5,202505,Q2,2,20252,2025,3
5/15/2025,May,5,202505,Q2,2,20252,2025,3
5/16/2025,May,5,202505,Q2,2,20252,2025,3
5/17/2025,May,5,202505,Q2,2,20252,2025,3
5/18/2025,May,5,202505,Q2,2,20252,2025,3
5/19/2025,May,5,202505,Q2,2,20252,2025,3
5/20/2025,May,5,202505,Q2,2,20252,2025,3
5/21/2025,May,5,202505,Q2,2,20252,2025,3
5/22/2025,May,5,202505,Q2,2,20252,2025,3
5/23/2025,May,5,202505,Q2,2,20252,2025,3
5/24/2025,May,5,202505,Q2,2,20252,2025,3
5/25/2025,May,5,202505,Q2,2,20252,2025,3
5/26/2025,May,5,202505,Q2,2,20252,2025,3
5/27/2025,May,5,202505,Q2,2,20252,2025,3
5/28/2025,May,5,202505,Q2,2,20252,2025,3
5/29/2025,May,5,202505,Q2,2,20252,2025,3
5/30/2025,May,5,202505,Q2,2,20252,2025,3
5/31/2025,May,5,202505,Q2,2,20252,2025,3
6/1/2025,June,6,202506,Q2,2,20252,2025,3
6/2/2025,June,6,202506,Q2,2,20252,2025,3
6/3/2025,June,6,202506,Q2,2,20252,2025,3
6/4/2025,June,6,202506,Q2,2,20252,2025,3
6/5/2025,June,6,202506,Q2,2,20252,2025,3
6/6/2025,June,6,202506,Q2,2,20252,2025,3
6/7/2025,June,6,202506,Q2,2,20252,2025,3
6/8/2025,June,6,202506,Q2,2,20252,2025,3
6/9/2025,June,6,202506,Q2,2,20252,2025,3
6/10/2025,June,6,202506,Q2,2,20252,2025,3
6/11/2025,June,6,202506,Q2,2,20252,2025,3
6/12/2025,June,6,202506,Q2,2,20252,2025,3
6/13/2025,June,6,202506,Q2,2,20252,2025,3
6/14/2025,June,6,202506,Q2,2,20252,2025,3
6/15/2025,June,6,202506,Q2,2,20252,2025,3
6/16/2025,June,6,202506,Q2,2,20252,2025,3
6/17/2025,June,6,202506,Q2,2,20252,2025,3
6/18/2025,June,6,202506,Q2,2,20252,2025,3
6/19/2025,June,6,202506,Q2,2,20252,2025,3
6/20/2025,June,6,202506,Q2,2,20252,2025,3
6/21/2025,June,6,202506,Q2,2,20252,2025,3
6/22/2025,June,6,202506,Q2,2,20252,2025,3
6/23/2025,June,6,202506,Q2,2,20252,2025,3
6/24/2025,June,6,202506,Q2,2,20252,2025,3
6/25/2025,June,6,202506,Q2,2,20252,2025,3
6/26/2025,June,6,202506,Q2,2,20252,2025,3
6/27/2025,June,6,202506,Q2,2,20252,2025,3
6/28/2025,June,6,202506,Q2,2,20252,2025,3
6/29/2025,June,6,202506,Q2,2,20252,2025,3
6/30/2025,June,6,202506,Q2,2,20252,2025,3
7/1/2025,July,7,202507,Q3,3,20253,2025,3
7/2/2025,July,7,202507,Q3,3,20253,2025,3
7/3/2025,July,7,202507,Q3,3,20253,2025,3
7/4/2025,July,7,202507,Q3,3,20253,2025,3
7/5/2025,July,7,202507,Q3,3,20253,2025,3
7/6/2025,July,7,202507,Q3,3,20253,2025,3
7/7/2025,July,7,202507,Q3,3,20253,2025,3
7/8/2025,July,7,202507,Q3,3,20253,2025,3
7/9/2025,July,7,202507,Q3,3,20253,2025,3
7/10/2025,July,7,202507,Q3,3,20253,2025,3
7/11/2025,July,7,202507,Q3,3,20253,2025,3
7/12/2025,July,7,202507,Q3,3,20253,2025,3
7/13/2025,July,7,202507,Q3,3,20253,2025,3
7/14/2025,July,7,202507,Q3,3,20253,2025,3
7/15/2025,July,7,202507,Q3,3,20253,2025,3
7/16/2025,July,7,202507,Q3,3,20253,2025,3
7/17/2025,July,7,202507,Q3,3,20253,2025,3
7/18/2025,July,7,202507,Q3,3,20253,2025,3
7/19/2025,July,7,202507,Q3,3,20253,2025,3
7/20/2025,July,7,202507,Q3,3,20253,2025,3
7/21/2025,July,7,202507,Q3,3,20253,2025,3
7/22/2025,July,7,202507,Q3,3,20253,2025,3
7/23/2025,July,7,202507,Q3,3,20253,2025,3
7/24/2025,July,7,202507,Q3,3,20253,2025,3
7/25/2025,July,7,202507,Q3,3,20253,2025,3
7/26/2025,July,7,202507,Q3,3,20253,2025,3
7/27/2025,July,7,202507,Q3,3,20253,2025,3
7/28/2025,July,7,202507,Q3,3,20253,2025,3
7/29/2025,July,7,202507,Q3,3,20253,2025,3
7/30/2025,July,7,202507,Q3,3,20253,2025,3
7/31/2025,July,7,202507,Q3,3,20253,2025,3
8/1/2025,August,8,202508,Q3,3,20253,2025,3
8/2/2025,August,8,202508,Q3,3,20253,2025,3
8/3/2025,August,8,202508,Q3,3,20253,2025,3
8/4/2025,August,8,202508,Q3,3,20253,2025,3
8/5/2025,August,8,202508,Q3,3,20253,2025,3
8/6/2025,August,8,202508,Q3,3,20253,2025,3
8/7/2025,August,8,202508,Q3,3,20253,2025,3
8/8/2025,August,8,202508,Q3,3,20253,2025,3
8/9/2025,August,8,202508,Q3,3,20253,2025,3
8/10/2025,August,8,202508,Q3,3,20253,2025,3
8/11/2025,August,8,202508,Q3,3,20253,2025,3
8/12/2025,August,8,202508,Q3,3,20253,2025,3
8/13/2025,August,8,202508,Q3,3,20253,2025,3
8/14/2025,August,8,202508,Q3,3,20253,2025,3
8/15/2025,August,8,202508,Q3,3,20253,2025,3
8/16/2025,August,8,202508,Q3,3,20253,2025,3
8/17/2025,August,8,202508,Q3,3,20253,2025,3
8/18/2025,August,8,202508,Q3,3,20253,2025,3
8/19/2025,August,8,202508,Q3,3,20253,2025,3
8/20/2025,August,8,202508,Q3,3,20253,2025,3
8/21/2025,August,8,202508,Q3,3,20253,2025,3
8/22/2025,August,8,202508,Q3,3,20253,2025,3
8/23/2025,August,8,202508,Q3,3,20253,2025,3
8/24/2025,August,8,202508,Q3,3,20253,2025,3
8/25/2025,August,8,202508,Q3,3,20253,2025,3
8/26/2025,August,8,202508,Q3,3,20253,2025,3
8/27/2025,August,8,202508,Q3,3,20253,2025,3
8/28/2025,August,8,202508,Q3,3,20253,2025,3
8/29/2025,August,8,202508,Q3,3,20253,2025,3
8/30/2025,August,8,202508,Q3,3,20253,2025,3
8/31/2025,August,8,202508,Q3,3,20253,2025,3
9/1/2025,September,9,202509,Q3,3,20253,2025,3
9/2/2025,September,9,202509,Q3,3,20253,2025,3
9/3/2025,September,9,202509,Q3,3,20253,2025,3
9/4/2025,September,9,202509,Q3,3,20253,2025,3
9/5/2025,September,9,202509,Q3,3,20253,2025,3
9/6/2025,September,9,202509,Q3,3,20253,2025,3
9/7/2025,September,9,202509,Q3,3,20253,2025,3
9/8/2025,September,9,202509,Q3,3,20253,2025,3
9/9/2025,September,9,202509,Q3,3,20253,2025,3
9/10/2025,September,9,202509,Q3,3,20253,2025,3
9/11/2025,September,9,202509,Q3,3,20253,2025,3
9/12/2025,September,9,202509,Q3,3,20253,2025,3
9/13/2025,September,9,202509,Q3,3,20253,2025,3
9/14/2025,September,9,202509,Q3,3,20253,2025,3
9/15/2025,September,9,202509,Q3,3,20253,2025,3
9/16/2025,September,9,202509,Q3,3,20253,2025,3
9/17/2025,September,9,202509,Q3,3,20253,2025,3
9/18/2025,September,9,202509,Q3,3,20253,2025,3
9/19/2025,September,9,202509,Q3,3,20253,2025,3
9/20/2025,September,9,202509,Q3,3,20253,2025,3
9/21/2025,September,9,202509,Q3,3,20253,2025,3
9/22/2025,September,9,202509,Q3,3,20253,2025,3
9/23/2025,September,9,202509,Q3,3,20253,2025,3
9/24/2025,September,9,202509,Q3,3,20253,2025,3
9/25/2025,September,9,202509,Q3,3,20253,2025,3
9/26/2025,September,9,202509,Q3,3,20253,2025,3
9/27/2025,September,9,202509,Q3,3,20253,2025,3
9/28/2025,September,9,202509,Q3,3,20253,2025,3
9/29/2025,September,9,202509,Q3,3,20253,2025,3
9/30/2025,September,9,202509,Q3,3,20253,2025,3
10/1/2025,October,10,202510,Q4,4,20254,2025,3
10/2/2025,October,10,202510,Q4,4,20254,2025,3
10/3/2025,October,10,202510,Q4,4,20254,2025,3
10/4/2025,October,10,202510,Q4,4,20254,2025,3
10/5/2025,October,10,202510,Q4,4,20254,2025,3
10/6/2025,October,10,202510,Q4,4,20254,2025,3
10/7/2025,October,10,202510,Q4,4,20254,2025,3
10/8/2025,October,10,202510,Q4,4,20254,2025,3
10/9/2025,October,10,202510,Q4,4,20254,2025,3
10/10/2025,October,10,202510,Q4,4,20254,2025,3
10/11/2025,October,10,202510,Q4,4,20254,2025,3
10/12/2025,October,10,202510,Q4,4,20254,2025,3
10/13/2025,October,10,202510,Q4,4,20254,2025,3
10/14/2025,October,10,202510,Q4,4,20254,2025,3
10/15/2025,October,10,202510,Q4,4,20254,2025,3
10/16/2025,October,10,202510,Q4,4,20254,2025,3
10/17/2025,October,10,202510,Q4,4,20254,2025,3
10/18/2025,October,10,202510,Q4,4,20254,2025,3
10/19/2025,October,10,202510,Q4,4,20254,2025,3
10/20/2025,October,10,202510,Q4,4,20254,2025,3
10/21/2025,October,10,202510,Q4,4,20254,2025,3
10/22/2025,October,10,202510,Q4,4,20254,2025,3
10/23/2025,October,10,202510,Q4,4,20254,2025,3
10/24/2025,October,10,202510,Q4,4,20254,2025,3
10/25/2025,October,10,202510,Q4,4,20254,2025,3
10/26/2025,October,10,202510,Q4,4,20254,2025,3
10/27/2025,October,10,202510,Q4,4,20254,2025,3
10/28/2025,October,10,202510,Q4,4,20254,2025,3
10/29/2025,October,10,202510,Q4,4,20254,2025,3
10/30/2025,October,10,202510,Q4,4,20254,2025,3
10/31/2025,October,10,202510,Q4,4,20254,2025,3
11/1/2025,November,11,202511,Q4,4,20254,2025,3
11/2/2025,November,11,202511,Q4,4,20254,2025,3
11/3/2025,November,11,202511,Q4,4,20254,2025,3
11/4/2025,November,11,202511,Q4,4,20254,2025,3
11/5/2025,November,11,202511,Q4,4,20254,2025,3
11/6/2025,November,11,202511,Q4,4,20254,2025,3
11/7/2025,November,11,202511,Q4,4,20254,2025,3
11/8/2025,November,11,202511,Q4,4,20254,2025,3
11/9/2025,November,11,202511,Q4,4,20254,2025,3
11/10/2025,November,11,202511,Q4,4,20254,2025,3
11/11/2025,November,11,202511,Q4,4,20254,2025,3
11/12/2025,November,11,202511,Q4,4,20254,2025,3
11/13/2025,November,11,202511,Q4,4,20254,2025,3
11/14/2025,November,11,202511,Q4,4,20254,2025,3
11/15/2025,November,11,202511,Q4,4,20254,2025,3
